,gameId,umpire
0,20210403SSWO02021,최수원
1,20210404HHKT02021,전일수
2,20210404HTOB02021,이영재
3,20210404LGNC02021,박기택
4,20210404LTSK02021,강광회
5,20210404SSWO02021,김익수
6,20210406HHSK02021,우효동
7,20210406HTWO02021,김정국
8,20210406LGKT02021,김준희
9,20210406LTNC02021,이기중
10,20210406SSOB02021,김병주
11,20210407HHSK02021,김성철
12,20210407HTWO02021,나광남
13,20210407LGKT02021,권영철
14,20210407LTNC02021,문동균
15,20210407SSOB02021,윤상원
16,20210408HHSK02021,배병두
17,20210408HTWO02021,차정구
18,20210408LGKT02021,이용혁
19,20210408LTNC02021,박종철
20,20210408SSOB02021,박근영
21,20210409KTSS02021,구명환
22,20210409NCHT02021,최수원
23,20210409OBHH02021,이민호
24,20210409SKLG02021,추평호
25,20210409WOLT02021,문승훈
26,20210410KTSS02021,이영재
27,20210410NCHT02021,김익수
28,20210410OBHH02021,김선수
29,20210410SKLG02021,유덕형
30,20210410WOLT02021,송수근
31,20210411KTSS02021,이기중
32,20210411NCHT02021,우효동
33,20210411OBHH02021,강광회
34,20210411SKLG02021,전일수
35,20210411WOLT02021,김병주
36,20210413HHSS02021,윤태수
37,20210413KTOB02021,김정국
38,20210413LGWO02021,김성철
39,20210413LTHT02021,김준희
40,20210413NCSK02021,윤상원
41,20210414HHSS02021,오훈규
42,20210414KTOB02021,나광남
43,20210414LGWO02021,배병두
44,20210414LTHT02021,권영철
45,20210414NCSK02021,박근영
46,20210415HHSS02021,원현식
47,20210415KTOB02021,차정구
48,20210415LGWO02021,최수원
49,20210415LTHT02021,이용혁
50,20210415NCSK02021,문승훈
51,20210416HHNC02021,추평호
52,20210416HTSK02021,정종수
53,20210416SSLT02021,김익수
54,20210416WOKT02021,이민호
55,20210417HHNC02021,유덕형
56,20210417HTSK02021,박기택
57,20210417SSLT02021,우효동
58,20210417WOKT02021,김선수
59,20210418HHNC02021,전일수
60,20210418HTSK02021,윤태수
61,20210418SSLT02021,김성철
62,20210418WOKT02021,김준희
63,20210420HTLG02021,문동균
64,20210420KTNC02021,배병두
65,20210420SKSS02021,권영철
66,20210420WOHH02021,박근영
67,20210421HTLG02021,박종철
68,20210421KTNC02021,최수원
69,20210421SKSS02021,이용혁
70,20210421WOHH02021,김태완
71,20210422HTLG02021,구명환
72,20210422KTNC02021,김익수
73,20210422SKSS02021,강광회
74,20210422WOHH02021,문승훈
75,20210423LGHH02021,박기택
76,20210423LTKT02021,이영재
77,20210423NCOB02021,이민호
78,20210423SKWO02021,우효동
79,20210423SSHT02021,송수근
80,20210424LGHH02021,윤태수
81,20210424LTKT02021,이기중
82,20210424NCOB02021,김준희
83,20210424SKWO02021,최영주
84,20210424SSHT02021,김병주
85,20210425LGHH02021,오훈규
86,20210425LTKT02021,문동균
87,20210425NCOB02021,권영철
88,20210425SKWO02021,김성철
89,20210425SSHT02021,윤상원
90,20210427HHHT02021,김정국
91,20210427KTSK02021,박근영
92,20210427LTLG02021,배병두
93,20210427NCSS02021,원현식
94,20210427OBWO02021,박종철
95,20210428HHHT02021,나광남
96,20210428KTSK02021,김태완
97,20210428LTLG02021,최수원
98,20210428NCSS02021,정종수
99,20210428OBWO02021,구명환
100,20210429HHHT02021,추평호
101,20210429KTSK02021,문승훈
102,20210429LTLG02021,김익수
103,20210429NCSS02021,박기택
104,20210429OBWO02021,이영재
105,20210430HHLT02021,송수근
106,20210430HTKT02021,우효동
107,20210430LGSS02021,이기중
108,20210430SKOB02021,윤태수
109,20210430WONC02021,유덕형
110,20210501HHLT02021,김병주
111,20210501HTKT02021,최영주
112,20210501LGSS02021,문동균
113,20210501SKOB02021,오훈규
114,20210501WONC02021,전일수
115,20210502HHLT02021,윤상원
116,20210502HTKT02021,김성철
117,20210502LGSS02021,박종철
118,20210502SKOB02021,원현식
119,20210502WONC02021,김정국
120,20210505HTLT02021,구명환
121,20210505KTWO02021,정종수
122,20210505LGOB02021,이용혁
123,20210505SKNC02021,박근영
124,20210505SSHH02021,나광남
125,20210506HTLT02021,이영재
126,20210506KTWO02021,박기택
127,20210506LGOB02021,이민호
128,20210506SKNC02021,문승훈
129,20210506SSHH02021,추평호
130,20210507LTSS02021,송수근
131,20210508HHLG02021,윤태수
132,20210508LTSS02021,김병주
133,20210508NCKT02021,이기중
134,20210508OBHT02021,유덕형
135,20210508WOSK02021,권영철
136,20210509HHLG12021,오훈규
137,20210509HHLG22021,김갑수
138,20210509LTSS02021,윤상원
139,20210509NCKT12021,문동균
140,20210509OBHT12021,전일수
141,20210509OBHT22021,김정국
142,20210509WOSK12021,김준희
143,20210509WOSK22021,강광회
144,20210511LGHT02021,박종철
145,20210511NCHH02021,이용혁
146,20210511SKLT02021,나광남
147,20210511SSKT02021,원현식
148,20210511WOOB02021,배병두
149,20210512LGHT02021,구명환
150,20210512NCHH02021,이민호
151,20210512SKLT02021,추평호
152,20210512SSKT02021,정종수
153,20210512WOOB02021,최수원
154,20210513LGHT02021,이영재
155,20210513NCHH02021,권영철
156,20210513SKLT02021,유덕형
157,20210513SSKT02021,박기택
158,20210513WOOB02021,김익수
159,20210514HHWO02021,전일수
160,20210514HTNC02021,윤태수
161,20210514KTLT02021,김준희
162,20210514OBSK02021,이기중
163,20210514SSLG02021,우효동
164,20210515HHWO02021,김정국
165,20210515HTNC02021,오훈규
166,20210515KTLT02021,강광회
167,20210515SSLG02021,김성철
168,20210516HHWO02021,나광남
169,20210517OBSK02021,문동균
170,20210517SSLG02021,배병두
171,20210518LTHH02021,박종철
172,20210518NCLG02021,추평호
173,20210518OBKT02021,박근영
174,20210518SKHT02021,최수원
175,20210518WOSS02021,이용혁
176,20210519LTHH02021,구명환
177,20210519NCLG02021,전일수
178,20210519OBKT02021,문승훈
179,20210519SKHT02021,김익수
180,20210519WOSS02021,이민호
181,20210520NCLG02021,김선수
182,20210521HTSS02021,이영재
183,20210521KTHH02021,우효동
184,20210521LGSK02021,최영주
185,20210521LTOB02021,김정국
186,20210521NCWO02021,송수근
187,20210522HTSS02021,이기중
188,20210522KTHH02021,김성철
189,20210522LGSK02021,권영철
190,20210522LTOB02021,차정구
191,20210522NCWO02021,김병주
192,20210523HTSS02021,문동균
193,20210523KTHH02021,배병두
194,20210523LGSK02021,김준희
195,20210523LTOB02021,나광남
196,20210523NCWO02021,윤상원
197,20210526HHOB02021,강광회
198,20210526LGLT02021,박근영
199,20210526SKKT02021,추평호
200,20210526SSNC02021,최수원
201,20210526WOHT02021,정종수
202,20210527HHOB02021,이용혁
203,20210527LGLT02021,문승훈
204,20210527SKKT02021,전일수
205,20210527SSNC02021,김익수
206,20210527WOHT02021,박기택
207,20210528KTHT02021,이민호
208,20210528OBSS02021,김선수
209,20210528SKHH02021,송수근
210,20210528WOLG02021,우효동
211,20210529KTHT02021,최영주
212,20210529NCLT12021,윤태수
213,20210529NCLT22021,오훈규
214,20210529OBSS02021,김정국
215,20210529SKHH02021,김병주
216,20210529WOLG02021,김성철
217,20210530KTHT02021,김준희
218,20210530NCLT02021,김태완
219,20210530OBSS02021,나광남
220,20210530SKHH02021,윤상원
221,20210530WOLG02021,배병두
222,20210601HTHH02021,최수원
223,20210601KTLG02021,정종수
224,20210601LTWO02021,권영철
225,20210601OBNC02021,박근영
226,20210601SSSK02021,박종철
227,20210602HTHH02021,김익수
228,20210602KTLG02021,박기택
229,20210602LTWO02021,강광회
230,20210602OBNC02021,김갑수
231,20210602SSSK02021,구명환
232,20210603LTWO02021,이용혁
233,20210604HHNC02021,이민호
234,20210604LGHT02021,이영재
235,20210604LTKT02021,우효동
236,20210604SKOB02021,윤태수
237,20210604SSWO02021,문승훈
238,20210605HHNC02021,김준희
239,20210605LGHT02021,이기중
240,20210605LTKT02021,유덕형
241,20210605SKOB02021,오훈규
242,20210605SSWO02021,송수근
243,20210606HHNC02021,권영철
244,20210606LGHT02021,문동균
245,20210606LTKT02021,김성철
246,20210606SKOB02021,김태완
247,20210606SSWO02021,김병주
248,20210608HTSS02021,배병두
249,20210608KTSK02021,차정구
250,20210608NCLG02021,윤상원
251,20210608WOHH02021,정종수
252,20210609HTSS02021,최수원
253,20210609KTSK02021,추평호
254,20210609NCLG02021,박근영
255,20210609WOHH02021,박기택
256,20210610HTSS02021,김익수
257,20210610NCLG02021,김갑수
258,20210610WOHH02021,윤태수
259,20210611HHKT02021,문승훈
260,20210611NCSS02021,오훈규
261,20210611WOSK02021,이기중
262,20210612HHKT02021,송수근
263,20210612NCSS02021,김태완
264,20210612WOSK02021,문동균
265,20210613HHKT02021,김병주
266,20210613HTLT12021,전일수
267,20210613HTLT22021,김정국
268,20210613NCSS02021,정종수
269,20210613WOSK02021,박종철
270,20210615LGWO02021,나광남
271,20210615LTHH02021,이용혁
272,20210615SSOB02021,윤상원
273,20210616KTNC02021,구명환
274,20210616LGWO02021,차정구
275,20210616LTHH12021,유덕형
276,20210616LTHH22021,김준희
277,20210616SKHT12021,박기택
278,20210616SKHT22021,윤태수
279,20210616SSOB02021,박근영
280,20210617KTNC02021,이영재
281,20210617LGWO02021,전일수
282,20210617LTHH02021,이민호
283,20210617SKHT02021,최영주
284,20210617SSOB02021,문승훈
285,20210618HTLG02021,송수근
286,20210618OBKT02021,오훈규
287,20210618SKHH02021,김정국
288,20210619HTLG02021,김병주
289,20210619OBKT12021,김태완
290,20210619OBKT22021,정종수
291,20210619SKHH02021,추평호
292,20210619SSLT02021,문동균
293,20210619WONC02021,이용혁
294,20210620HTLG02021,윤상원
295,20210620OBKT02021,박기택
296,20210620SKHH02021,나광남
297,20210620SSLT02021,김선수
298,20210620WONC02021,김준희
299,20210622HHSS02021,강광회
300,20210622HTKT02021,차정구
301,20210622LGSK02021,배병두
302,20210622NCLT02021,윤태수
303,20210622WOOB02021,박종철
304,20210623HHSS02021,이민호
305,20210623HTKT02021,전일수
306,20210623LGSK02021,최수원
307,20210623NCLT02021,오훈규
308,20210623WOOB02021,구명환
309,20210624HHSS02021,권영철
310,20210624HTKT02021,김정국
311,20210624LGSK02021,김익수
312,20210624NCLT02021,최영주
313,20210624WOOB02021,이영재
314,20210625HTWO02021,김태완
315,20210625KTHH02021,우효동
316,20210625LTOB02021,이용혁
317,20210625SKNC02021,이기중
318,20210626HTWO02021,정종수
319,20210626KTHH02021,김성철
320,20210626LGSS12021,나광남
321,20210626LGSS22021,추평호
322,20210626LTOB02021,김준희
323,20210626SKNC02021,문동균
324,20210627HTWO02021,박기택
325,20210627KTHH02021,배병두
326,20210627LGSS02021,차정구
327,20210627LTOB02021,강광회
328,20210627SKNC02021,김선수
329,20210629LTWO02021,박종철
330,20210629NCHT02021,오훈규
331,20210629SSSK02021,박근영
332,20210630KTLG02021,이민호
333,20210630LTWO02021,구명환
334,20210630OBHH02021,전일수
335,20210630SSSK12021,문승훈
336,20210630SSSK22021,송수근
337,20210701KTLG02021,권영철
338,20210701LTWO02021,이영재
339,20210701NCHT02021,김익수
340,20210701OBHH02021,김갑수
341,20210701SSSK02021,김병주
342,20210702HHLG02021,이기중
343,20210702LTSK02021,우효동
344,20210702OBHT02021,윤상원
345,20210702SSNC02021,유덕형
346,20210702WOKT02021,김정국
347,20210704HHLG02021,문동균
348,20210704LTSK02021,김성철
349,20210704OBHT02021,박근영
350,20210704SSNC02021,김준희
351,20210704WOKT02021,차정구
352,20210705HHLG02021,박종철
353,20210705LTSK02021,배병두
354,20210705WOKT02021,나광남
355,20210706NCOB02021,추평호
356,20210706SKWO02021,문승훈
357,20210707HTHH02021,윤태수
358,20210707NCOB02021,전일수
359,20210707SKWO02021,송수근
360,20210708KTSS02021,최수원
361,20210708SKWO02021,김병주
362,20210709HHSK02021,김갑수
363,20210709KTHT02021,이민호
364,20210709LTSS02021,윤상원
365,20210710HHSK02021,김정국
366,20210710LTSS02021,문승훈
367,20210711HHSK02021,차정구
368,20210711KTHT02021,권영철
369,20210711LTSS02021,송수근
370,20210810HHHT02021,오훈규
371,20210810KTWO02021,구명환
372,20210810LTNC02021,나광남
373,20210810SKLG02021,김익수
374,20210811HHHT02021,김태완
375,20210811KTWO02021,이영재
376,20210811LTNC02021,추평호
377,20210811OBSS02021,김병주
378,20210811SKLG02021,우효동
379,20210812KTWO02021,이기중
380,20210812LTNC02021,장준영
381,20210812OBSS02021,윤상원
382,20210813HTSK02021,전일수
383,20210813LTLG02021,문동균
384,20210813NCHH02021,박근영
385,20210813OBWO02021,정종수
386,20210813SSKT02021,김선수
387,20210814HTSK02021,김정국
388,20210814LTLG02021,박종철
389,20210814NCHH02021,최영주
390,20210814OBWO02021,박기택
391,20210814SSKT02021,김성철
392,20210815HTSK02021,나광남
393,20210815LTLG02021,구명환
394,20210815NCHH02021,문승훈
395,20210815OBWO02021,윤태수
396,20210815SSKT02021,배병두
397,20210817LGKT02021,송수근
398,20210817SSHH02021,유덕형
399,20210817WOLT02021,추평호
400,20210818HTOB02021,이용혁
401,20210818LGKT02021,김병주
402,20210818NCSK02021,정종수
403,20210818SSHH02021,이기중
404,20210818WOLT02021,장준영
405,20210819HTOB02021,강광회
406,20210819LGKT02021,윤상원
407,20210819NCSK02021,박기택
408,20210819SSHH02021,김갑수
409,20210820HHOB02021,김정국
410,20210820KTLT02021,문동균
411,20210820LGNC02021,이민호
412,20210820SKSS02021,박근영
413,20210820WOHT02021,윤태수
414,20210821HHOB02021,추평호
415,20210822HHOB02021,장준영
416,20210822KTLT02021,박종철
417,20210822LGNC02021,권영철
418,20210822SKSS02021,문승훈
419,20210822WOHT02021,최영주
420,20210823KTLT02021,구명환
421,20210824HHOB02021,전일수
422,20210824SKSS02021,송수근
423,20210824WOHT02021,최수원
424,20210825HHWO02021,이용혁
425,20210825LTHT02021,김익수
426,20210825SKKT02021,김정국
427,20210825SSLG02021,오훈규
428,20210826HHWO02021,이민호
429,20210826LTHT02021,우효동
430,20210826OBNC12021,이영재
431,20210826OBNC22021,이기중
432,20210826SKKT02021,나광남
433,20210826SSLG02021,원현식
434,20210827HHWO02021,김갑수
435,20210827OBNC02021,문동균
436,20210827SKKT02021,김선수
437,20210827SSLG02021,정종수
438,20210828HTSK02021,구명환
439,20210828NCHH02021,박기택
440,20210828SSKT02021,김성철
441,20210828WOLG02021,추평호
442,20210829HTSK02021,이영재
443,20210829NCHH02021,윤태수
444,20210829SSKT02021,배병두
445,20210829WOLG02021,장준영
446,20210831KTHH02021,전일수
447,20210831LGLT02021,김준희
448,20210831WOSS02021,이기중
449,20210901HTOB12021,김병주
450,20210901HTOB22021,윤상원
451,20210901KTHH02021,김정국
452,20210901NCSK12021,최수원
453,20210901WOSS12021,문동균
454,20210902KTWO02021,박근영
455,20210902NCLG02021,박종철
456,20210902OBSK02021,김갑수
457,20210902SSHT02021,나광남
458,20210903HHLT12021,우효동
459,20210903HHLT22021,김성철
460,20210903KTWO02021,문승훈
461,20210903NCLG02021,구명환
462,20210903OBSK02021,이민호
463,20210903SSHT02021,김선수
464,20210904HTHH02021,권영철
465,20210904KTLG02021,이영재
466,20210904LTNC02021,송수근
467,20210904OBSS02021,배병두
468,20210904SKWO02021,추평호
469,20210905HTHH02021,강광회
470,20210905KTLG02021,이기중
471,20210905LTNC02021,김병주
472,20210905OBSS02021,최수원
473,20210905SKWO02021,장준영
474,20210907HHNC02021,김익수
475,20210907LTSS02021,전일수
476,20210908HHNC02021,김갑수
477,20210908HTKT02021,박근영
478,20210908LGSK02021,오훈규
479,20210908LTSS02021,김정국
480,20210908WOOB02021,이용혁
481,20210909HHLG02021,최영주
482,20210909HTWO02021,원현식
483,20210909KTSS02021,우효동
484,20210909OBNC02021,나광남
485,20210909SKLT02021,김준희
486,20210910HHLG02021,송수근
487,20210910HTWO02021,정종수
488,20210910KTSS02021,김성철
489,20210910OBNC02021,추평호
490,20210910SKLT02021,권영철
491,20210911LGOB02021,최수원
492,20210911NCHT02021,이민호
493,20210911SKKT02021,박기택
494,20210911SSHH02021,김병주
495,20210911WOLT02021,장준영
496,20210912LGOB12021,김익수
497,20210912LGOB22021,우효동
498,20210912NCHT12021,이용혁
499,20210912NCHT22021,김준희
500,20210912SKKT12021,윤태수
501,20210912SKKT22021,오훈규
502,20210912SSHH12021,박근영
503,20210912SSHH22021,문승훈
504,20210912WOLT12021,김정국
505,20210912WOLT22021,전일수
506,20210914HHSK02021,배병두
507,20210914KTOB02021,권영철
508,20210914LGSS02021,문동균
509,20210914LTHT02021,최영주
510,20210914WONC02021,원현식
511,20210915HHSK02021,김성철
512,20210915KTOB02021,강광회
513,20210915LGSS02021,박종철
514,20210915LTHT12021,송수근
515,20210915LTHT22021,김병주
516,20210915WONC02021,정종수
517,20210916HHWO02021,차정구
518,20210916HTSS02021,최수원
519,20210916LGNC02021,박기택
520,20210916LTKT02021,구명환
521,20210916SKOB02021,윤상원
522,20210917HHWO02021,이민호
523,20210917HTSS02021,김익수
524,20210917LGNC02021,윤태수
525,20210917LTKT02021,이영재
526,20210917SKOB02021,박근영
527,20210918HTLG02021,이기중
528,20210918KTNC02021,우효동
529,20210918LTHH02021,최영주
530,20210918OBWO02021,이용혁
531,20210918SSSK02021,오훈규
532,20210919HTLG02021,유덕형
533,20210919KTNC02021,김성철
534,20210919LTHH02021,문승훈
535,20210919OBWO02021,강광회
536,20210919SSSK02021,김태완
537,20210921KTHT02021,차정구
538,20210921LGHH02021,원현식
539,20210921NCOB02021,문동균
540,20210921SSLT02021,배병두
541,20210921WOSK02021,송수근
542,20210922KTHT02021,이민호
543,20210922LGHH02021,정종수
544,20210922NCOB02021,박종철
545,20210922SSLT02021,최수원
546,20210922WOSK02021,김병주
547,20210923HHKT02021,구명환
548,20210923LTSK02021,김익수
549,20210923NCWO02021,박기택
550,20210923OBHT02021,김준희
551,20210923SSLG02021,윤상원
552,20210924HHKT02021,이영재
553,20210924LTSK12021,김성철
554,20210924LTSK22021,배병두
555,20210924NCWO02021,윤태수
556,20210924OBHT02021,권영철
557,20210924SSLG02021,박근영
558,20210925HHOB02021,오훈규
559,20210925LGKT02021,최수원
560,20210925LTWO02021,최영주
561,20210925NCSS02021,이용혁
562,20210925SKHT02021,유덕형
563,20210926HHOB02021,김태완
564,20210926LGKT02021,김익수
565,20210926LTWO02021,문승훈
566,20210926NCSS02021,차정구
567,20210926SKHT02021,이기중
568,20210928HTNC02021,김병주
569,20210928LTLG02021,원현식
570,20210928OBKT02021,강광회
571,20210928SKSS02021,추평호
572,20210928WOHH02021,문동균
573,20210929HTNC12021,윤상원
574,20210929OBKT02021,김준희
575,20210930HHSS02021,박근영
576,20210930KTLT02021,장준영
577,20210930SKNC02021,박종철
578,20210930WOHT02021,권영철
579,20211001HHSS02021,최영주
580,20211001KTLT12021,김정국
581,20211001KTLT22021,전일수
582,20211001SKNC02021,유덕형
583,20211001WOHT02021,이용혁
584,20211002HHHT02021,이영재
585,20211002KTSK02021,윤태수
586,20211002LGWO02021,나광남
587,20211002NCLT02021,문승훈
588,20211002SSOB02021,김갑수
589,20211003HHHT02021,이기중
590,20211003KTSK02021,오훈규
591,20211003LGWO02021,차정구
592,20211003NCLT02021,송수근
593,20211003SSOB02021,이민호
594,20211005HTLT02021,김태완
595,20211005NCKT02021,우효동
596,20211005OBHH02021,추평호
597,20211005SKLG02021,강광회
598,20211005SSWO02021,문동균
599,20211006HTLT02021,원현식
600,20211006NCKT02021,김성철
601,20211006OBHH02021,장준영
602,20211006SKLG12021,김준희
603,20211006SKLG22021,권영철
604,20211006SSWO02021,박종철
605,20211007LGHT02021,전일수
606,20211007LTOB02021,이영재
607,20211007SKHH02021,배병두
608,20211007SSNC02021,정종수
609,20211007WOKT02021,이용혁
610,20211008LGHT02021,김정국
611,20211008LTOB02021,이기중
612,20211008SKHH02021,최수원
613,20211008SSNC02021,박기택
614,20211009HTHH02021,윤태수
615,20211009KTLG02021,문동균
616,20211009LTSK02021,김익수
617,20211010HTHH12021,오훈규
618,20211010HTHH22021,김태완
619,20211010OBNC02021,나광남
620,20211011KTLG02021,유덕형
621,20211012KTOB02021,우효동
622,20211012LGSK02021,원현식
623,20211012NCWO02021,김병주
624,20211012SSHT02021,박종철
625,20211013KTOB02021,김갑수
626,20211013LGLT02021,차정구
627,20211013NCWO02021,윤상원
628,20211013SSHT02021,구명환
629,20211014KTOB02021,정종수
630,20211014LGLT02021,추평호
631,20211014NCWO02021,배병두
632,20211014SSHT02021,이영재
633,20211015HTKT02021,박근영
634,20211015LGLT02021,장준영
635,20211015NCOB02021,박기택
636,20211015WOSS02021,최수원
637,20211016HHKT02021,최영주
638,20211016HTOB02021,전일수
639,20211016LGNC02021,이기중
640,20211016SKLT02021,이민호
641,20211016WOSS12021,김익수
642,20211016WOSS22021,우효동
643,20211017HHKT02021,문승훈
644,20211017HTOB12021,나광남
645,20211017HTOB22021,김정국
646,20211017LGNC12021,문동균
647,20211017LGNC22021,유덕형
648,20211017SKLT12021,강광회
649,20211017SKLT22021,김준희
650,20211017WOSS02021,김갑수
651,20211019KTNC02021,김성철
652,20211019OBSS02021,송수근
653,20211019SKHT02021,차정구
654,20211019WOLG02021,윤태수
655,20211020KTHT02021,추평호
656,20211020NCSK02021,김태완
657,20211020WOLG02021,오훈규
658,20211021HHHT02021,김정국
659,20211021OBSK02021,권영철
660,20211021WOLG02021,유덕형
661,20211022HHLT02021,배병두
662,20211022HTNC02021,원현식
663,20211022KTSS02021,박근영
664,20211022OBSK02021,이용혁
665,20211023HHLT02021,최수원
666,20211023HTNC12021,정종수
667,20211023HTNC22021,박기택
668,20211023KTSS02021,김병주
669,20211023LGOB02021,이민호
670,20211024HHLT02021,김익수
671,20211024HTNC02021,오훈규
672,20211024LGOB12021,강광회
673,20211024LGOB22021,김준희
674,20211024SKSS02021,윤상원
675,20211024WOKT02021,전일수
676,20211025LTLG02021,장준영
677,20211025WOHH02021,김갑수
678,20211026LGHH02021,박종철
679,20211026SKNC02021,윤태수
680,20211026WOOB02021,나광남
681,20211027HTLT02021,유덕형
682,20211027LGHH02021,구명환
683,20211027NCKT02021,김태완
684,20211027OBSK02021,김성철
685,20211027SSWO02021,차정구
686,20211028HTLT02021,원현식
687,20211028LGHH02021,이영재
688,20211028NCKT12021,권영철
689,20211028NCKT22021,이용혁
690,20211028OBSK02021,우효동
691,20211029KTWO02021,최수원
692,20211029LGLT02021,정종수
693,20211029OBHT02021,박근영
694,20211029SSNC02021,이기중
695,20211030KTSK02021,김익수
696,20211030LGLT02021,오훈규
697,20211030OBHH02021,이민호
698,20211030SSNC02021,문동균
699,20211030WOHT02021,문승훈
700,66661031KTSS02021,박기택
701,20220402HHOB02022,전일수
702,20220402LGHT02022,박기택
703,20220402LTWO02022,박종철
704,20220402SKNC02022,최수원
705,20220402SSKT02022,이영재
706,20220403HHOB02022,송수근
707,20220403LGHT02022,김준희
708,20220403LTWO02022,이계성
709,20220403SKNC02022,김정국
710,20220403SSKT02022,이기중
711,20220405HHHT02022,오훈규
712,20220405LGWO02022,윤상원
713,20220405LTNC02022,김성철
714,20220405SKKT02022,권영철
715,20220405SSOB02022,김병주
716,20220406HHHT02022,문승훈
717,20220406LGWO02022,김태완
718,20220406LTNC02022,박근영
719,20220406SKKT02022,유덕형
720,20220406SSOB02022,윤태수
721,20220407HHHT02022,이용혁
722,20220407LGWO02022,이민호
723,20220407LTNC02022,배병두
724,20220407SKKT02022,나광남
725,20220407SSOB02022,추평호
726,20220408HTSK02022,김익수
727,20220408KTHH02022,우효동
728,20220408NCLG02022,정종수
729,20220408WOSS02022,박기택
730,20220409HTSK02022,전일수
731,20220409KTHH02022,장준영
732,20220409NCLG02022,박종철
733,20220409WOSS02022,김준희
734,20220410HTSK02022,송수근
735,20220410KTHH02022,김병주
736,20220410NCLG02022,이계성
737,20220410WOSS02022,김성철
738,20220412HHSS02022,권영철
739,20220412LTHT02022,윤태수
740,20220412NCWO02022,함지웅
741,20220412OBKT02022,윤상원
742,20220412SKLG02022,원현식
743,20220413HHSS02022,유덕형
744,20220413NCWO02022,이용혁
745,20220413SKLG02022,구명환
746,20220414HHSS02022,나광남
747,20220414LTHT02022,추평호
748,20220414NCWO02022,최수원
749,20220414OBKT02022,김태완
750,20220414SKLG02022,이영재
751,20220415HTNC02022,이기중
752,20220415KTLT02022,정종수
753,20220415LGHH02022,이민호
754,20220415SSSK02022,김정국
755,20220415WOOB02022,장준영
756,20220416HTNC02022,유덕형
757,20220416KTLT02022,박종철
758,20220416LGHH02022,김익수
759,20220416SSSK02022,김성철
760,20220416WOOB02022,김병주
761,20220417HTNC02022,원현식
762,20220417KTLT02022,이계성
763,20220417LGHH02022,전일수
764,20220417SSSK02022,함지웅
765,20220417WOOB02022,윤태수
766,20220419HHLT02022,구명환
767,20220419KTLG02022,박근영
768,20220419OBHT02022,이용혁
769,20220419SSNC02022,추평호
770,20220419WOSK02022,권영철
771,20220420HHLT02022,이영재
772,20220420KTLG02022,배병두
773,20220420OBHT02022,최수원
774,20220420SSNC02022,김선수
775,20220420WOSK02022,나광남
776,20220421HHLT02022,이기중
777,20220421KTLG02022,박기택
778,20220421OBHT02022,김정국
779,20220421SSNC02022,우효동
780,20220421WOSK02022,정종수
781,20220422HTWO02022,유덕형
782,20220422LGOB02022,박종철
783,20220422LTSS02022,김준희
784,20220422NCKT02022,오훈규
785,20220422SKHH02022,장준영
786,20220423HTWO02022,원현식
787,20220423LGOB02022,이계성
788,20220423LTSS02022,김성철
789,20220423NCKT02022,차정구
790,20220423SKHH02022,김병주
791,20220424HTWO02022,구명환
792,20220424LGOB02022,권영철
793,20220424LTSS02022,박근영
794,20220424NCKT02022,문승훈
795,20220424SKHH02022,윤태수
796,20220426HTKT02022,추평호
797,20220426LGSS02022,이영재
798,20220426NCOB02022,배병두
799,20220426SKLT02022,송수근
800,20220426WOHH02022,이용혁
801,20220427HTKT02022,김선수
802,20220427LGSS02022,이기중
803,20220427NCOB02022,박기택
804,20220427SKLT02022,이민호
805,20220427WOHH02022,최수원
806,20220428HTKT02022,우효동
807,20220428LGSS02022,유덕형
808,20220428NCOB02022,김준희
809,20220428SKLT02022,김태완
810,20220428WOHH02022,김정국
811,20220429HHNC02022,김익수
812,20220429KTWO02022,김성철
813,20220429LTLG02022,장준영
814,20220429OBSK02022,원현식
815,20220429SSHT02022,오훈규
816,20220430HHNC02022,전일수
817,20220430KTWO02022,박근영
818,20220430LTLG02022,김병주
819,20220430OBSK02022,구명환
820,20220430SSHT02022,차정구
821,20220501HHNC02022,송수근
822,20220501KTWO02022,배병두
823,20220501LTLG02022,윤태수
824,20220501OBSK02022,이영재
825,20220501SSHT02022,문승훈
826,20220503HHSK02022,박기택
827,20220503LTKT02022,이기중
828,20220503NCSS02022,추평호
829,20220503WOHT02022,나광남
830,20220504HHSK02022,김준희
831,20220504LTKT02022,문동균
832,20220504NCSS02022,우효동
833,20220504WOHT02022,정종수
834,20220505HHSK02022,김성철
835,20220505LTKT02022,함지웅
836,20220505NCSS02022,장준영
837,20220505WOHT02022,박종철
838,20220506HTHH02022,김병주
839,20220506KTOB02022,이계성
840,20220506LGNC02022,원현식
841,20220506SKWO02022,전일수
842,20220506SSLT02022,최영주
843,20220507HTHH02022,윤태수
844,20220507KTOB02022,권영철
845,20220507LGNC02022,구명환
846,20220507SKWO02022,송수근
847,20220507SSLT02022,박근영
848,20220508HTHH02022,추평호
849,20220508KTOB02022,나광남
850,20220508LGNC02022,이영재
851,20220508SKWO02022,윤상원
852,20220508SSLT02022,배병두
853,20220510HHLG02022,이용혁
854,20220510KTHT02022,이민호
855,20220510NCLT02022,정종수
856,20220510OBWO02022,박기택
857,20220510SKSS02022,이기중
858,20220511HHLG02022,최수원
859,20220511KTHT02022,김익수
860,20220511NCLT02022,박종철
861,20220511OBWO02022,김준희
862,20220511SKSS02022,문동균
863,20220512HHLG02022,김정국
864,20220512KTHT02022,전일수
865,20220512NCLT02022,이계성
866,20220512OBWO02022,김성철
867,20220512SKSS02022,함지웅
868,20220513HTLG02022,권영철
869,20220513LTHH02022,송수근
870,20220513NCSK02022,최영주
871,20220513WOKT02022,원현식
872,20220514HTLG02022,나광남
873,20220514LTHH02022,윤상원
874,20220514NCSK02022,박근영
875,20220514OBSS02022,오훈규
876,20220514WOKT02022,구명환
877,20220515HTLG02022,정종수
878,20220515LTHH02022,이민호
879,20220515NCSK02022,배병두
880,20220515OBSS02022,문승훈
881,20220515WOKT02022,이영재
882,20220517HTLT02022,우효동
883,20220517LGKT02022,박기택
884,20220517SKOB02022,김익수
885,20220517SSHH02022,박종철
886,20220517WONC02022,이용혁
887,20220518HTLT02022,장준영
888,20220518LGKT02022,김준희
889,20220518SKOB02022,전일수
890,20220518SSHH02022,이계성
891,20220518WONC02022,최수원
892,20220519HTLT02022,김병주
893,20220519LGKT02022,최영주
894,20220519SKOB02022,송수근
895,20220519SSHH02022,권영철
896,20220519WONC02022,김정국
897,20220520HHWO02022,박근영
898,20220520KTSS02022,윤태수
899,20220520LGSK02022,오훈규
900,20220520LTOB02022,김태완
901,20220520NCHT02022,윤상원
902,20220521HHWO02022,배병두
903,20220521KTSS02022,추평호
904,20220521LGSK02022,문승훈
905,20220521LTOB02022,나광남
906,20220521NCHT02022,유덕형
907,20220522HHWO02022,박기택
908,20220522KTSS02022,우효동
909,20220522LGSK02022,이용혁
910,20220522LTOB02022,정종수
911,20220522NCHT02022,이민호
912,20220524HTSS02022,최수원
913,20220524KTNC02022,박종철
914,20220524LTSK02022,이기중
915,20220524OBHH02022,장준영
916,20220524WOLG02022,김익수
917,20220525HTSS02022,김정국
918,20220525KTNC02022,이계성
919,20220525LTSK02022,문동균
920,20220525OBHH02022,김병주
921,20220525WOLG02022,전일수
922,20220526HTSS02022,오훈규
923,20220526KTNC02022,권영철
924,20220526LTSK02022,원현식
925,20220526OBHH02022,윤태수
926,20220526WOLG02022,송수근
927,20220527HHKT02022,윤상원
928,20220527OBNC02022,문승훈
929,20220527SKHT02022,김태완
930,20220527SSLG02022,구명환
931,20220527WOLT02022,추평호
932,20220528HHKT02022,유덕형
933,20220528OBNC02022,이용혁
934,20220528SKHT02022,나광남
935,20220528SSLG02022,이영재
936,20220528WOLT02022,우효동
937,20220529HHKT02022,이민호
938,20220529OBNC02022,최수원
939,20220529SKHT02022,정종수
940,20220529SSLG02022,이기중
941,20220529WOLT02022,장준영
942,20220531HTOB02022,문동균
943,20220531KTSK02022,김병주
944,20220531LGLT02022,김정국
945,20220531NCHH02022,김준희
946,20220531SSWO02022,박종철
947,20220601HTOB02022,원현식
948,20220601KTSK02022,윤태수
949,20220601LGLT02022,오훈규
950,20220601NCHH02022,김성철
951,20220601SSWO02022,이계성
952,20220602HTOB02022,구명환
953,20220602KTSK02022,추평호
954,20220602LGLT02022,김선수
955,20220602NCHH02022,박근영
956,20220602SSWO02022,권영철
957,20220603HTKT02022,문승훈
958,20220603LTNC02022,나광남
959,20220603OBSS02022,차정구
960,20220603SKLG02022,배병두
961,20220603WOHH02022,이영재
962,20220604HTKT02022,이용혁
963,20220604LTNC02022,정종수
964,20220604OBSS02022,우효동
965,20220604SKLG02022,박기택
966,20220604WOHH02022,이기중
967,20220605HTKT02022,최수원
968,20220605SKLG02022,김준희
969,20220607HHOB02022,김정국
970,20220607KTWO02022,김익수
971,20220607SKNC02022,문동균
972,20220607SSLT02022,김성철
973,20220608HHOB02022,오훈규
974,20220608KTWO02022,전일수
975,20220608LGHT02022,김병주
976,20220608SKNC02022,원현식
977,20220608SSLT02022,박근영
978,20220609HHOB02022,김선수
979,20220609KTWO02022,송수근
980,20220609LGHT02022,윤태수
981,20220609SKNC02022,구명환
982,20220609SSLT02022,배병두
983,20220610HHSK02022,추평호
984,20220610KTLT02022,이영재
985,20220610NCSS02022,문승훈
986,20220610WOHT02022,박기택
987,20220611HHSK02022,차정구
988,20220611KTLT02022,이기중
989,20220611NCSS02022,이용혁
990,20220611WOHT02022,김준희
991,20220612HHSK02022,우효동
992,20220612KTLT02022,문동균
993,20220612NCSS02022,최수원
994,20220612WOHT02022,김성철
995,20220614OBWO02022,원현식
996,20220614SKKT02022,박근영
997,20220614SSLG02022,장준영
998,20220615HTNC02022,박종철
999,20220615LTHH02022,전일수
1000,20220615OBWO02022,최영주
1001,20220615SKKT02022,배병두
1002,20220615SSLG02022,김병주
1003,20220616HTNC02022,이계성
1004,20220616LTHH02022,송수근
1005,20220616OBWO02022,구명환
1006,20220616SKKT02022,박기택
1007,20220616SSLG02022,윤태수
1008,20220617HHNC02022,김준희
1009,20220617KTOB02022,추평호
1010,20220617LGWO02022,윤상원
1011,20220617SKLT02022,권영철
1012,20220617SSHT02022,이영재
1013,20220618HHNC02022,김성철
1014,20220618KTOB02022,우효동
1015,20220618LGWO02022,이민호
1016,20220618SKLT02022,나광남
1017,20220618SSHT02022,이기중
1018,20220619HHNC02022,함지웅
1019,20220619KTOB02022,장준영
1020,20220619LGWO02022,김익수
1021,20220619SKLT02022,정종수
1022,20220619SSHT02022,문동균
1023,20220621HHLG02022,최영주
1024,20220621LTHT02022,박근영
1025,20220621NCKT02022,전일수
1026,20220621OBSK02022,김정국
1027,20220621WOSS02022,박종철
1028,20220622HHLG02022,원현식
1029,20220622LTHT02022,배병두
1030,20220622NCKT02022,송수근
1031,20220622OBSK02022,오훈규
1032,20220622WOSS02022,이계성
1033,20220623LTHT02022,박기택
1034,20220623WOSS02022,권영철
1035,20220624HTOB02022,윤상원
1036,20220624LGKT02022,나광남
1037,20220624NCSK02022,김준희
1038,20220624SSHH02022,문승훈
1039,20220624WOLT02022,구명환
1040,20220625HTOB02022,이민호
1041,20220625LGKT02022,정종수
1042,20220625NCSK02022,김성철
1043,20220625SSHH02022,이용혁
1044,20220625WOLT02022,이영재
1045,20220626HTOB02022,김익수
1046,20220626LGKT02022,박종철
1047,20220626NCSK02022,함지웅
1048,20220626SSHH02022,최수원
1049,20220626WOLT02022,이기중
1050,20220628HTWO02022,김병주
1051,20220628KTSS02022,박근영
1052,20220628NCLG02022,김정국
1053,20220628SKHH02022,전일수
1054,20220629HTWO02022,윤태수
1055,20220629KTSS02022,배병두
1056,20220629SKHH02022,차정구
1057,20220630HTWO02022,추평호
1058,20220630KTSS02022,박기택
1059,20220701HHWO02022,김선수
1060,20220701HTSK02022,문승훈
1061,20220701LTLG02022,김준희
1062,20220701OBKT02022,우효동
1063,20220702HHWO02022,나광남
1064,20220702HTSK02022,이용혁
1065,20220702LTLG02022,김성철
1066,20220702OBKT02022,장준영
1067,20220702SSNC02022,송수근
1068,20220703HHWO02022,정종수
1069,20220703HTSK02022,최수원
1070,20220703LTLG02022,박근영
1071,20220703OBKT02022,김병주
1072,20220703SSNC02022,이민호
1073,20220705LGSS02022,박종철
1074,20220705LTSK02022,윤태수
1075,20220705NCHH02022,김정국
1076,20220705WOOB02022,문동균
1077,20220706KTHT02022,김익수
1078,20220706LGSS02022,이계성
1079,20220706LTSK02022,추평호
1080,20220706NCHH02022,오훈규
1081,20220706WOOB02022,원현식
1082,20220707LGSS02022,권영철
1083,20220707LTSK02022,우효동
1084,20220707NCHH02022,문승훈
1085,20220707WOOB02022,구명환
1086,20220708HHHT02022,김선수
1087,20220708LGOB02022,전일수
1088,20220708LTKT02022,이용혁
1089,20220708NCWO02022,장준영
1090,20220708SKSS02022,이영재
1091,20220709HHHT02022,나광남
1092,20220709LGOB02022,송수근
1093,20220709LTKT02022,최수원
1094,20220709NCWO02022,김병주
1095,20220709SKSS02022,이기중
1096,20220710HHHT02022,정종수
1097,20220710LGOB02022,윤상원
1098,20220710LTKT02022,김정국
1099,20220710NCWO02022,윤태수
1100,20220710SKSS02022,문동균
1101,20220712HHLT02022,배병두
1102,20220712HTLG02022,원현식
1103,20220712OBNC02022,오훈규
1104,20220712SSKT02022,추평호
1105,20220712WOSK02022,박종철
1106,20220713HHLT02022,박기택
1107,20220713OBNC02022,유덕형
1108,20220714HHLT02022,김준희
1109,20220714HTLG02022,구명환
1110,20220714OBNC02022,문승훈
1111,20220714SSKT02022,김태완
1112,20220714WOSK02022,이계성
1113,20220722HTLT02022,이영재
1114,20220722KTHH02022,권영철
1115,20220722LGNC02022,우효동
1116,20220722SKOB02022,이용혁
1117,20220722SSWO02022,김성철
1118,20220723HTLT02022,이기중
1119,20220723KTHH02022,나광남
1120,20220723LGNC02022,장준영
1121,20220723SSWO02022,박근영
1122,20220724HTLT02022,문동균
1123,20220724KTHH02022,정종수
1124,20220724LGNC02022,김병주
1125,20220724SKOB02022,최수원
1126,20220724SSWO02022,배병두
1127,20220726HHSS02022,윤태수
1128,20220726LGSK02022,이민호
1129,20220726LTOB02022,박기택
1130,20220726NCHT02022,김정국
1131,20220726WOKT02022,원현식
1132,20220727HHSS02022,추평호
1133,20220727LGSK02022,김익수
1134,20220727LTOB02022,김준희
1135,20220727NCHT02022,오훈규
1136,20220727WOKT02022,구명환
1137,20220728HHSS02022,김태완
1138,20220728LGSK02022,전일수
1139,20220728LTOB02022,김성철
1140,20220728NCHT02022,유덕형
1141,20220728WOKT02022,이영재
1142,20220729KTLG02022,박근영
1143,20220729LTSS02022,문승훈
1144,20220729OBHH02022,이기중
1145,20220729SKHT02022,우효동
1146,20220729WONC02022,송수근
1147,20220730KTLG02022,배병두
1148,20220730LTSS02022,이용혁
1149,20220730OBHH02022,문동균
1150,20220730SKHT02022,장준영
1151,20220730WONC02022,윤상원
1152,20220731LTSS02022,최수원
1153,20220731SKHT02022,김병주
1154,20220802HTHH02022,박기택
1155,20220802LGLT02022,이민호
1156,20220802SKWO02022,원현식
1157,20220803HTHH02022,김준희
1158,20220803KTNC02022,윤태수
1159,20220803LGLT02022,김익수
1160,20220803SKWO02022,함지웅
1161,20220803SSOB02022,박종철
1162,20220804HTHH02022,김성철
1163,20220804KTNC02022,추평호
1164,20220804LGLT02022,전일수
1165,20220804SKWO02022,구명환
1166,20220804SSOB02022,이계성
1167,20220805HHKT02022,송수근
1168,20220805NCLT02022,권영철
1169,20220805OBHT02022,이기중
1170,20220805SSSK02022,최영주
1171,20220805WOLG02022,우효동
1172,20220806HHKT02022,윤상원
1173,20220806NCLT02022,나광남
1174,20220806OBHT02022,이영재
1175,20220806SSSK02022,박근영
1176,20220806WOLG02022,장준영
1177,20220807HHKT02022,이민호
1178,20220807NCLT02022,정종수
1179,20220807OBHT02022,문동균
1180,20220807SSSK02022,배병두
1181,20220807WOLG02022,김병주
1182,20220810HTSS02022,김익수
1183,20220810KTSK02022,원현식
1184,20220810LTWO02022,김정국
1185,20220810NCOB02022,박기택
1186,20220811KTSK02022,함지웅
1187,20220811LTWO02022,오훈규
1188,20220811NCOB02022,김준희
1189,20220812HTSS02022,전일수
1190,20220812KTSK02022,구명환
1191,20220812LGHH02022,박종철
1192,20220812LTWO02022,문승훈
1193,20220812NCOB02022,김성철
1194,20220813LTHT02022,최영주
1195,20220813SKOB02022,이용혁
1196,20220813SSKT02022,이계성
1197,20220813WOHH02022,이기중
1198,20220814LGNC02022,송수근
1199,20220814LTHT02022,박근영
1200,20220814SKOB02022,최수원
1201,20220814SSKT02022,권영철
1202,20220814WOHH02022,이영재
1203,20220816SSLG02022,윤태수
1204,20220816WOKT02022,차정구
1205,20220817HHNC02022,김정국
1206,20220817SKHT02022,배병두
1207,20220817SSLG02022,추평호
1208,20220817WOKT02022,나광남
1209,20220818KTLT02022,오훈규
1210,20220818LGSK02022,정종수
1211,20220818NCHT02022,김선수
1212,20220818SSHH02022,박기택
1213,20220818WOOB02022,우효동
1214,20220819KTLT02022,문승훈
1215,20220819NCHT02022,이민호
1216,20220819SSHH02022,김준희
1217,20220820HHLT02022,이용혁
1218,20220820HTKT02022,장준영
1219,20220820SKWO02022,김성철
1220,20220821HHLT02022,최수원
1221,20220821HTKT02022,김병주
1222,20220821NCSS02022,박종철
1223,20220821SKWO02022,박근영
1224,20220823HTWO02022,김정국
1225,20220823KTOB02022,송수근
1226,20220823LGHH02022,이계성
1227,20220823LTNC02022,윤태수
1228,20220823SSSK02022,문동균
1229,20220824HTWO02022,오훈규
1230,20220824KTOB02022,윤상원
1231,20220824LGHH02022,차정구
1232,20220824LTNC02022,추평호
1233,20220824SSSK02022,원현식
1234,20220825HTLG02022,함지웅
1235,20220825OBHH02022,나광남
1236,20220825SKKT02022,이민호
1237,20220825SSLT02022,구명환
1238,20220825WONC02022,최영주
1239,20220826HTLG02022,문승훈
1240,20220826OBHH02022,정종수
1241,20220826SKKT02022,김익수
1242,20220826SSLT02022,이기중
1243,20220826WONC02022,우효동
1244,20220827HHSS02022,전일수
1245,20220827KTNC02022,이영재
1246,20220827LTSK02022,이용혁
1247,20220827OBHT02022,장준영
1248,20220827WOLG02022,유덕형
1249,20220828HHSS02022,송수근
1250,20220828KTNC02022,문동균
1251,20220828LTSK02022,최수원
1252,20220828OBHT02022,김병주
1253,20220828WOLG02022,이계성
1254,20220830LTWO02022,박종철
1255,20220831HTHH02022,원현식
1256,20220831LTWO02022,함지웅
1257,20220831NCLG02022,배병두
1258,20220831OBKT02022,윤태수
1259,20220831SKSS02022,김정국
1260,20220901HHWO02022,추평호
1261,20220901LGKT02022,권영철
1262,20220901LTOB02022,오훈규
1263,20220901NCSK02022,박기택
1264,20220901SSHT02022,김선수
1265,20220902HHWO02022,유덕형
1266,20220902LGKT02022,정종수
1267,20220902LTOB02022,김태완
1268,20220902NCSK02022,김준희
1269,20220902SSHT02022,구명환
1270,20220903KTHT02022,문승훈
1271,20220903NCHH02022,이계성
1272,20220903SSOB02022,이기중
1273,20220903WOSK02022,김성철
1274,20220904KTHT02022,이용혁
1275,20220904LGLT02022,우효동
1276,20220904NCHH02022,박종철
1277,20220906HHKT02022,이영재
1278,20220906HTLT02022,장준영
1279,20220906OBNC02022,윤상원
1280,20220906SKLG02022,최수원
1281,20220906WOSS02022,차정구
1282,20220907HHKT02022,문동균
1283,20220907HTLT02022,김병주
1284,20220907OBNC02022,최영주
1285,20220907SKLG02022,김정국
1286,20220907WOSS02022,박근영
1287,20220908HHOB02022,윤태수
1288,20220908HTSK02022,나광남
1289,20220908LGWO02022,오훈규
1290,20220908LTSS02022,이민호
1291,20220908NCKT02022,배병두
1292,20220909HHOB02022,추평호
1293,20220909HTSK02022,권영철
1294,20220909LGWO02022,김태완
1295,20220909LTSS02022,김익수
1296,20220909NCKT02022,김준희
1297,20220910HTOB02022,문승훈
1298,20220910KTWO02022,유덕형
1299,20220910LGSS02022,전일수
1300,20220910NCLT02022,원현식
1301,20220910SKHH02022,김성철
1302,20220911HTOB02022,이용혁
1303,20220911KTWO02022,우효동
1304,20220911LGSS02022,송수근
1305,20220911NCLT02022,김선수
1306,20220911SKHH02022,차정구
1307,20220913KTHH02022,윤상원
1308,20220913LGOB02022,함지웅
1309,20220913SKLT02022,구명환
1310,20220913SSNC02022,장준영
1311,20220913WOHT02022,박근영
1312,20220914KTHH02022,최영주
1313,20220914LGOB02022,정종수
1314,20220914SKLT02022,이기중
1315,20220914SSNC02022,김병주
1316,20220914WOHT02022,배병두
1317,20220915HHHT02022,이민호
1318,20220915KTLG02022,김태완
1319,20220915OBSS02022,윤태수
1320,20220915SKNC02022,이영재
1321,20220915WOLT02022,김성철
1322,20220916HHHT02022,김익수
1323,20220916OBSS02022,추평호
1324,20220916SKNC02022,문동균
1325,20220916WOLT02022,김준희
1326,20220917HHLG02022,원현식
1327,20220917HTSS02022,전일수
1328,20220917LTKT02022,차정구
1329,20220917NCWO02022,나광남
1330,20220917OBSK02022,유덕형
1331,20220918HHLG02022,김선수
1332,20220918HTSS02022,송수근
1333,20220918LTKT02022,박근영
1334,20220918NCWO02022,이계성
1335,20220918OBSK02022,우효동
1336,20220920KTSK02022,윤상원
1337,20220920LGHT02022,최수원
1338,20220920LTHH02022,구명환
1339,20220920NCOB02022,배병두
1340,20220920SSWO02022,함지웅
1341,20220921KTSK02022,최영주
1342,20220921LGHT02022,김정국
1343,20220921LTHH02022,이기중
1344,20220921NCOB02022,박기택
1345,20220921SSWO02022,정종수
1346,20220922HHSK02022,김준희
1347,20220922HTNC02022,이영재
1348,20220922KTSS02022,오훈규
1349,20220922LTLG02022,김태완
1350,20220922OBWO02022,이민호
1351,20220923HHSK02022,김성철
1352,20220923HTNC02022,문동균
1353,20220923KTSS02022,유덕형
1354,20220923LTLG02022,박종철
1355,20220923OBWO02022,김익수
1356,20220924HHLG02022,전일수
1357,20220924HTNC02022,문승훈
1358,20220924LTWO02022,나광남
1359,20220924OBSK02022,원현식
1360,20220925HHOB02022,송수근
1361,20220925HTSS02022,장준영
1362,20220925KTNC02022,이용혁
1363,20220925LGSK02022,김선수
1364,20220927LGHH02022,윤상원
1365,20220927OBKT02022,이계성
1366,20220927WONC02022,최수원
1367,20220928LGHH02022,최영주
1368,20220928OBKT02022,함지웅
1369,20220928SSNC02022,김정국
1370,20220929KTLG02022,오훈규
1371,20220929LTHT02022,김병주
1372,20220929NCSS02022,구명환
1373,20220929OBHH02022,이민호
1374,20220929WOSK02022,차정구
1375,20220930LTHH02022,김익수
1376,20220930NCLG02022,김태완
1377,20220930OBSS02022,이기중
1378,20220930WOSK02022,박근영
1379,20221001NCLG02022,윤태수
1380,20221001OBSS02022,이영재
1381,20221001SKHT02022,전일수
1382,20221002HTHH02022,정종수
1383,20221002NCLG02022,추평호
1384,20221003SKHH02022,박종철
1385,20221004HTLG02022,배병두
1386,20221004SSKT02022,문동균
1387,20221005LGHT02022,유덕형
1388,20221005LTNC02022,권영철
1389,20221005SKOB02022,김익수
1390,20221005SSKT02022,김준희
1391,20221006LGHT02022,우효동
1392,20221006SKNC02022,나광남
1393,20221006SSOB02022,이민호
1394,20221006WOHH02022,원현식
1395,20221007KTHT02022,문승훈
1396,20221007LGNC02022,박기택
1397,20221007SSOB02022,장준영
1398,20221008HHNC02022,박근영
1399,20221008KTHT02022,최수원
1400,20221008LGLT02022,윤상원
1401,20221008SKSS02022,이계성
1402,20221008WOOB02022,김병주
1403,20221010NCKT02022,이영재
1404,20221011KTLG02022,박종철
1405,20230401HHWO02023,박종철
1406,20230401HTSK02023,이영재
1407,20230401LGKT02023,전일수
1408,20230401LTOB02023,최수원
1409,20230401NCSS02023,박기택
1410,20230402HHWO02023,문동균
1411,20230402HTSK02023,김익수
1412,20230402LGKT02023,김준희
1413,20230402LTOB02023,윤태수
1414,20230402NCSS02023,배병두
1415,20230404HHSS02023,김정국
1416,20230404LGWO02023,김성철
1417,20230404LTSK02023,권영철
1418,20230404NCOB02023,이민호
1419,20230405LGWO02023,우효동
1420,20230405NCOB02023,이계성
1421,20230406HHSS02023,윤상원
1422,20230406LGWO02023,정종수
1423,20230406NCOB02023,추평호
1424,20230407KTLT02023,장준영
1425,20230407OBHT02023,김병주
1426,20230407SKHH02023,박기택
1427,20230407SSLG02023,문승훈
1428,20230407WONC02023,박근영
1429,20230408KTLT02023,김익수
1430,20230408OBHT02023,유덕형
1431,20230408SKHH02023,배병두
1432,20230408SSLG02023,이용혁
1433,20230408WONC02023,송수근
1434,20230409KTLT02023,김정국
1435,20230409OBHT02023,전일수
1436,20230409SKHH02023,김성철
1437,20230409SSLG02023,이민호
1438,20230409WONC02023,최수원
1439,20230411HHHT02023,이계성
1440,20230411KTNC02023,김준희
1441,20230411LGLT02023,오훈규
1442,20230411SKSS02023,윤태수
1443,20230411WOOB02023,윤상원
1444,20230412HHHT02023,추평호
1445,20230412KTNC02023,권영철
1446,20230412LGLT02023,나광남
1447,20230412SKSS02023,김태완
1448,20230413HHHT02023,최영주
1449,20230413KTNC02023,김병주
1450,20230413LGLT02023,구명환
1451,20230413SKSS02023,이기중
1452,20230413WOOB02023,장준영
1453,20230414HHKT02023,박근영
1454,20230414HTWO02023,박종철
1455,20230414LTSS02023,차정구
1456,20230414NCSK02023,이용혁
1457,20230415HHKT02023,김익수
1458,20230415HTWO02023,함지웅
1459,20230415LTSS02023,전일수
1460,20230415NCSK02023,이민호
1461,20230416HHKT02023,김정국
1462,20230416HTWO02023,오훈규
1463,20230416LTSS02023,김준희
1464,20230416NCSK02023,이계성
1465,20230418HTLT02023,우효동
1466,20230418NCLG02023,윤상원
1467,20230418OBHH02023,권영철
1468,20230418SKKT02023,나광남
1469,20230418SSWO02023,문승훈
1470,20230419HTLT02023,김선수
1471,20230419NCLG02023,장준영
1472,20230419OBHH02023,김병주
1473,20230419SKKT02023,구명환
1474,20230419SSWO02023,최영주
1475,20230420HTLT02023,박기택
1476,20230420NCLG02023,박근영
1477,20230420OBHH02023,차정구
1478,20230420SKKT02023,박종철
1479,20230420SSWO02023,이용혁
1480,20230421KTOB02023,배병두
1481,20230421LGHH02023,이민호
1482,20230421LTNC02023,문동균
1483,20230421SSHT02023,김익수
1484,20230421WOSK02023,전일수
1485,20230422KTOB02023,김성철
1486,20230422LGHH02023,이계성
1487,20230422LTNC02023,오훈규
1488,20230422SSHT02023,김정국
1489,20230422WOSK02023,유덕형
1490,20230423KTOB02023,우효동
1491,20230423LGHH02023,문승훈
1492,20230423LTNC02023,나광남
1493,20230423SSHT02023,윤상원
1494,20230423WOSK02023,권영철
1495,20230425KTWO02023,김갑수
1496,20230425NCHT02023,최영주
1497,20230425SKLG02023,김선수
1498,20230426HHLT02023,김병주
1499,20230426KTWO02023,이기중
1500,20230426NCHT02023,이용혁
1501,20230426OBSS02023,구명환
1502,20230426SKLG02023,박기택
1503,20230427HHLT02023,차정구
1504,20230427KTWO02023,송수근
1505,20230427NCHT02023,이민호
1506,20230427OBSS02023,박종철
1507,20230427SKLG02023,정종수
1508,20230428HTLG02023,문동균
1509,20230428NCHH02023,김성철
1510,20230428OBSK02023,최수원
1511,20230428SSKT02023,전일수
1512,20230428WOLT02023,추평호
1513,20230429HTLG02023,함지웅
1514,20230429NCHH02023,우효동
1515,20230429OBSK02023,윤태수
1516,20230429SSKT02023,유덕형
1517,20230430HTLG02023,나광남
1518,20230430NCHH02023,김선수
1519,20230430OBSK02023,김갑수
1520,20230430SSKT02023,김준희
1521,20230430WOLT02023,문승훈
1522,20230502HHOB02023,최영주
1523,20230502KTSK02023,오훈규
1524,20230502LGNC02023,김태완
1525,20230502LTHT02023,이기중
1526,20230502WOSS02023,박기택
1527,20230503HHOB02023,이계성
1528,20230503KTSK02023,박종철
1529,20230503LGNC02023,이영재
1530,20230503LTHT02023,박근영
1531,20230503WOSS02023,정종수
1532,20230504HHOB02023,이민호
1533,20230504KTSK02023,문동균
1534,20230504WOSS02023,배병두
1535,20230505SKWO02023,김익수
1536,20230506SKWO02023,김정국
1537,20230507KTHH02023,최수원
1538,20230507LGOB02023,우효동
1539,20230507SKWO02023,윤상원
1540,20230509NCKT02023,김선수
1541,20230509SKHT02023,나광남
1542,20230509SSHH02023,권영철
1543,20230509WOLG02023,송수근
1544,20230510NCKT02023,박기택
1545,20230510SKHT02023,구명환
1546,20230510SSHH02023,차정구
1547,20230510WOLG02023,이기중
1548,20230511NCKT02023,정종수
1549,20230511SKHT02023,오훈규
1550,20230511SSHH02023,전일수
1551,20230511WOLG02023,박근영
1552,20230512HHSK02023,배병두
1553,20230512HTOB02023,김갑수
1554,20230512LGSS02023,장준영
1555,20230512LTKT02023,유덕형
1556,20230512NCWO02023,문동균
1557,20230513HHSK02023,김성철
1558,20230513HTOB02023,최수원
1559,20230513LGSS02023,윤상원
1560,20230513LTKT02023,김준희
1561,20230513NCWO02023,함지웅
1562,20230514HHSK02023,김선수
1563,20230514HTOB02023,송수근
1564,20230514LGSS02023,김태완
1565,20230514LTKT02023,권영철
1566,20230514NCWO02023,나광남
1567,20230516HTSS02023,정종수
1568,20230516KTLG02023,추평호
1569,20230516LTHH02023,윤태수
1570,20230516OBWO02023,김병주
1571,20230516SKNC02023,이영재
1572,20230517HTSS02023,박기택
1573,20230517KTLG02023,이용혁
1574,20230517LTHH02023,박근영
1575,20230517OBWO02023,전일수
1576,20230517SKNC02023,김정국
1577,20230518KTLG02023,최영주
1578,20230518LTHH02023,김갑수
1579,20230518OBWO02023,유덕형
1580,20230519HHLG02023,김준희
1581,20230519OBKT02023,장준영
1582,20230519SKLT02023,배병두
1583,20230519SSNC02023,최수원
1584,20230519WOHT02023,이계성
1585,20230520HHLG02023,권영철
1586,20230520OBKT02023,윤상원
1587,20230520SKLT02023,김성철
1588,20230520SSNC02023,송수근
1589,20230520WOHT02023,이민호
1590,20230521HHLG02023,김병주
1591,20230521OBKT02023,김태완
1592,20230521SKLT02023,우효동
1593,20230521SSNC02023,윤태수
1594,20230521WOHT02023,추평호
1595,20230523HTHH02023,이영재
1596,20230523LGSK02023,박근영
1597,20230523NCLT02023,차정구
1598,20230523SSOB02023,이용혁
1599,20230523WOKT02023,구명환
1600,20230524HTHH02023,김정국
1601,20230524LGSK02023,이기중
1602,20230524NCLT02023,전일수
1603,20230524SSOB02023,최영주
1604,20230524WOKT02023,오훈규
1605,20230525HTHH02023,장준영
1606,20230525LGSK02023,최수원
1607,20230525NCLT02023,김준희
1608,20230525SSOB02023,이계성
1609,20230525WOKT02023,박종철
1610,20230526HHNC02023,이민호
1611,20230526KTSS02023,송수근
1612,20230526LGHT02023,함지웅
1613,20230526LTWO02023,김익수
1614,20230526SKOB02023,권영철
1615,20230527HHNC02023,문승훈
1616,20230527KTSS02023,윤태수
1617,20230527LGHT02023,나광남
1618,20230527LTWO02023,김태완
1619,20230528KTSS02023,박근영
1620,20230528LGHT02023,구명환
1621,20230528LTWO02023,이영재
1622,20230530KTHT02023,김선수
1623,20230530LTLG02023,이용혁
1624,20230530OBNC02023,오훈규
1625,20230530SSSK02023,김정국
1626,20230530WOHH02023,김병주
1627,20230531KTHT02023,박기택
1628,20230531LTLG02023,최영주
1629,20230531OBNC02023,박종철
1630,20230531SSSK02023,장준영
1631,20230531WOHH02023,차정구
1632,20230601LTLG02023,추평호
1633,20230601SSSK02023,김익수
1634,20230601WOHH02023,전일수
1635,20230602HTLT02023,유덕형
1636,20230602NCLG02023,윤상원
1637,20230602OBKT02023,이민호
1638,20230602SSHH02023,문동균
1639,20230602WOSK02023,배병두
1640,20230603HTLT02023,권영철
1641,20230603NCLG02023,이영재
1642,20230603OBKT02023,문승훈
1643,20230603SSHH02023,나광남
1644,20230603WOSK02023,김성철
1645,20230604HTLT02023,김병주
1646,20230604NCLG02023,김정국
1647,20230604OBKT02023,이용혁
1648,20230604SSHH02023,구명환
1649,20230604WOSK02023,우효동
1650,20230606HHOB02023,김선수
1651,20230606KTLT02023,함지웅
1652,20230606LGWO02023,이기중
1653,20230606NCSS02023,차정구
1654,20230606SKHT02023,최영주
1655,20230607HHOB02023,박기택
1656,20230607KTLT02023,박종철
1657,20230607LGWO02023,최수원
1658,20230607NCSS02023,전일수
1659,20230607SKHT02023,추평호
1660,20230608HHOB02023,정종수
1661,20230608KTLT02023,문동균
1662,20230608LGWO02023,송수근
1663,20230608NCSS02023,유덕형
1664,20230608SKHT02023,이민호
1665,20230609HTOB02023,나광남
1666,20230609LGHH02023,문승훈
1667,20230609LTSS02023,김성철
1668,20230609SKNC02023,윤태수
1669,20230609WOKT02023,김준희
1670,20230610HTOB02023,구명환
1671,20230610LGHH02023,이계성
1672,20230610LTSS02023,우효동
1673,20230610SKNC02023,김갑수
1674,20230610WOKT02023,김병주
1675,20230611HTOB02023,함지웅
1676,20230611LGHH02023,최영주
1677,20230611LTSS02023,김선수
1678,20230611SKNC02023,이기중
1679,20230611WOKT02023,차정구
1680,20230613HHLT02023,최수원
1681,20230613HTWO02023,박기택
1682,20230613KTSK02023,김태완
1683,20230613OBNC02023,추평호
1684,20230613SSLG02023,박종철
1685,20230614HHLT02023,박근영
1686,20230614HTWO02023,정종수
1687,20230614KTSK02023,김익수
1688,20230614OBNC02023,이민호
1689,20230614SSLG02023,문동균
1690,20230615HHLT02023,윤태수
1691,20230615HTWO02023,배병두
1692,20230615KTSK02023,윤상원
1693,20230615OBNC02023,문승훈
1694,20230615SSLG02023,나광남
1695,20230616LTSK02023,이계성
1696,20230616NCHT02023,이영재
1697,20230616SSKT02023,김갑수
1698,20230616WOHH02023,오훈규
1699,20230617LTSK02023,이용혁
1700,20230617NCHT02023,김정국
1701,20230617SSKT02023,이기중
1702,20230617WOHH02023,함지웅
1703,20230618LTSK02023,추평호
1704,20230618NCHT02023,김태완
1705,20230618SSKT02023,최수원
1706,20230618WOHH02023,박종철
1707,20230620HTHH02023,전일수
1708,20230620LGNC02023,박근영
1709,20230620LTKT02023,정종수
1710,20230620SKOB02023,문동균
1711,20230620WOSS02023,장준영
1712,20230621HTHH02023,유덕형
1713,20230621LGNC02023,송수근
1714,20230621LTKT02023,배병두
1715,20230621SKOB02023,구명환
1716,20230621WOSS02023,윤상원
1717,20230622HTHH02023,김준희
1718,20230622LGNC02023,김갑수
1719,20230622LTKT02023,김성철
1720,20230622SKOB02023,오훈규
1721,20230622WOSS02023,이영재
1722,20230623HHNC02023,김선수
1723,20230623KTHT02023,함지웅
1724,20230623LTLG02023,김정국
1725,20230623OBWO02023,이기중
1726,20230623SSSK02023,권영철
1727,20230624HHNC02023,박기택
1728,20230624KTHT02023,박종철
1729,20230624LTLG02023,김태완
1730,20230624OBWO02023,최수원
1731,20230624SSSK02023,차정구
1732,20230625LTLG02023,장준영
1733,20230625OBWO02023,박근영
1734,20230625SSSK02023,전일수
1735,20230627KTHH02023,윤상원
1736,20230627LGSK02023,송수근
1737,20230627NCOB02023,유덕형
1738,20230627SSLT02023,이민호
1739,20230627WOHT02023,정종수
1740,20230628KTHH02023,이영재
1741,20230628LGSK02023,김갑수
1742,20230628NCOB02023,김준희
1743,20230628SSLT02023,최영주
1744,20230628WOHT02023,배병두
1745,20230630HHSS02023,윤태수
1746,20230630HTLG02023,권영철
1747,20230630NCKT02023,이계성
1748,20230630SKWO02023,김익수
1749,20230701HHSS02023,최수원
1750,20230701HTLG02023,김병주
1751,20230701NCKT02023,이용혁
1752,20230701SKWO02023,김태완
1753,20230702HHSS02023,박근영
1754,20230702HTLG02023,전일수
1755,20230702NCKT02023,추평호
1756,20230702SKWO02023,장준영
1757,20230704NCWO02023,송수근
1758,20230704OBSS02023,윤상원
1759,20230705HTSK02023,이민호
1760,20230705KTLG02023,오훈규
1761,20230705LTHH02023,유덕형
1762,20230705NCWO02023,이기중
1763,20230705OBSS02023,이영재
1764,20230706HTSK02023,최영주
1765,20230706KTLG02023,함지웅
1766,20230706LTHH02023,차정구
1767,20230706NCWO02023,윤태수
1768,20230706OBSS02023,김익수
1769,20230707HTKT02023,최수원
1770,20230707WOOB02023,이계성
1771,20230708HTKT02023,박근영
1772,20230708LGLT02023,김정국
1773,20230708SKHH02023,박종철
1774,20230708SSNC02023,권영철
1775,20230708WOOB02023,이용혁
1776,20230709HTKT02023,송수근
1777,20230709LGLT02023,장준영
1778,20230709SKHH02023,구명환
1779,20230709SSNC02023,김병주
1780,20230709WOOB02023,문승훈
1781,20230711KTWO02023,김태완
1782,20230712HHLG02023,배병두
1783,20230712KTWO02023,이영재
1784,20230712LTNC02023,이민호
1785,20230712OBSK02023,전일수
1786,20230712SSHT02023,나광남
1787,20230713KTWO02023,김익수
1788,20230713LTNC02023,최영주
1789,20230713SSHT02023,오훈규
1790,20230721KTSS02023,추평호
1791,20230721NCHH02023,문동균
1792,20230721OBHT02023,김준희
1793,20230721SKLG02023,김정국
1794,20230721WOLT02023,김성철
1795,20230722KTSS02023,이용혁
1796,20230722NCHH02023,박종철
1797,20230722WOLT02023,우효동
1798,20230723KTSS02023,문승훈
1799,20230723WOLT02023,김선수
1800,20230725HHWO02023,이민호
1801,20230725HTNC02023,박기택
1802,20230725LGKT02023,차정구
1803,20230725LTOB02023,이기중
1804,20230725SKSS02023,구명환
1805,20230726HHWO02023,최영주
1806,20230726HTNC02023,정종수
1807,20230726LGKT02023,김병주
1808,20230726LTOB02023,윤태수
1809,20230726SKSS02023,나광남
1810,20230727HHWO02023,추평호
1811,20230727HTNC02023,김성철
1812,20230727LGKT02023,유덕형
1813,20230727LTOB02023,김태완
1814,20230727SKSS02023,함지웅
1815,20230728HHSK02023,우효동
1816,20230728KTNC02023,최수원
1817,20230728LGOB02023,문동균
1818,20230728LTHT02023,이계성
1819,20230728SSWO02023,전일수
1820,20230729HHSK02023,김선수
1821,20230729KTNC02023,송수근
1822,20230729LGOB02023,박종철
1823,20230729LTHT02023,문승훈
1824,20230729SSWO02023,김준희
1825,20230730HHSK02023,박기택
1826,20230730KTNC02023,이기중
1827,20230730LGOB02023,구명환
1828,20230730LTHT02023,이민호
1829,20230730SSWO02023,차정구
1830,20230801HTSS02023,윤태수
1831,20230801NCLT02023,오훈규
1832,20230801OBHH02023,장준영
1833,20230801SKKT02023,이용혁
1834,20230801WOLG02023,정종수
1835,20230802HTSS02023,김태완
1836,20230802NCLT02023,함지웅
1837,20230802OBHH02023,김갑수
1838,20230802SKKT02023,추평호
1839,20230802WOLG02023,배병두
1840,20230803HTSS02023,최수원
1841,20230803NCLT02023,문동균
1842,20230803OBHH02023,이영재
1843,20230803SKKT02023,이계성
1844,20230803WOLG02023,우효동
1845,20230804HHHT02023,박종철
1846,20230804KTOB02023,김선수
1847,20230804LGSS02023,문승훈
1848,20230804SKLT02023,박근영
1849,20230804WONC02023,김익수
1850,20230805HHHT02023,구명환
1851,20230805KTOB02023,박기택
1852,20230805LGSS02023,이민호
1853,20230805SKLT02023,이기중
1854,20230805WONC02023,윤상원
1855,20230806HHHT02023,오훈규
1856,20230806KTOB02023,정종수
1857,20230806LGSS02023,이용혁
1858,20230806SKLT02023,윤태수
1859,20230806WONC02023,장준영
1860,20230808HHKT02023,김태완
1861,20230808LTWO02023,김병주
1862,20230808NCSK02023,배병두
1863,20230808SSOB02023,함지웅
1864,20230809HHKT02023,최수원
1865,20230809LGHT02023,김갑수
1866,20230809LTWO02023,유덕형
1867,20230809NCSK02023,우효동
1868,20230809SSOB02023,문동균
1869,20230810LTWO02023,전일수
1870,20230811HTLT02023,박기택
1871,20230811NCKT02023,박종철
1872,20230811OBHH02023,권영철
1873,20230811SSSK02023,이영재
1874,20230811WOLG02023,송수근
1875,20230812HTLT02023,정종수
1876,20230812NCKT02023,나광남
1877,20230812OBHH02023,차정구
1878,20230812SSSK02023,김익수
1879,20230812WOLG02023,이기중
1880,20230813HTLT02023,배병두
1881,20230813NCKT02023,오훈규
1882,20230813OBHH02023,김병주
1883,20230813SSSK02023,윤상원
1884,20230813WOLG02023,박근영
1885,20230815HHNC02023,추평호
1886,20230815KTOB02023,김정국
1887,20230815LGSS02023,김성철
1888,20230815SKLT02023,김태완
1889,20230815WOHT02023,유덕형
1890,20230816HHNC02023,이계성
1891,20230816KTOB02023,김갑수
1892,20230816LGSS02023,우효동
1893,20230816SKLT02023,최수원
1894,20230816WOHT02023,전일수
1895,20230817HHNC02023,최영주
1896,20230817KTOB02023,이영재
1897,20230817LGSS02023,박기택
1898,20230817SKLT02023,송수근
1899,20230817WOHT02023,권영철
1900,20230818HTSS02023,이민호
1901,20230818KTHH02023,윤태수
1902,20230818LGSK02023,차정구
1903,20230818LTWO02023,장준영
1904,20230819HTSS02023,이용혁
1905,20230819KTHH02023,박근영
1906,20230819LGSK02023,김준희
1907,20230819LTWO02023,윤상원
1908,20230819NCOB02023,정종수
1909,20230820HTSS02023,추평호
1910,20230820KTHH02023,김태완
1911,20230820LGSK02023,유덕형
1912,20230820LTWO02023,김정국
1913,20230820NCOB02023,배병두
1914,20230822HTKT02023,전일수
1915,20230822OBWO02023,최수원
1916,20230822SSHH02023,김익수
1917,20230823OBWO02023,이기중
1918,20230824HTKT02023,권영철
1919,20230824LTLG02023,이계성
1920,20230824NCSK02023,박종철
1921,20230824OBWO02023,송수근
1922,20230825HHHT02023,윤태수
1923,20230825KTLT02023,구명환
1924,20230825LGNC02023,이영재
1925,20230825SKOB02023,차정구
1926,20230825WOSS02023,김병주
1927,20230826HHHT02023,박근영
1928,20230826KTLT02023,문동균
1929,20230826LGNC02023,장준영
1930,20230826SKOB02023,이민호
1931,20230826WOSS02023,김준희
1932,20230827HHHT02023,최수원
1933,20230827KTLT02023,나광남
1934,20230827LGNC02023,김정국
1935,20230827SKOB02023,문승훈
1936,20230827WOSS02023,김태완
1937,20230830WOSK02023,김익수
1938,20230831LTHH02023,전일수
1939,20230831NCHT02023,김성철
1940,20230831SSKT02023,이용혁
1941,20230831WOSK02023,유덕형
1942,20230901HHLG02023,우효동
1943,20230901HTSK02023,권영철
1944,20230901KTWO02023,이영재
1945,20230901NCSS02023,박종철
1946,20230902HHLG02023,박기택
1947,20230902HTSK02023,김병주
1948,20230902KTWO02023,장준영
1949,20230902NCSS02023,구명환
1950,20230903HHLG02023,정종수
1951,20230903HTSK02023,김준희
1952,20230903KTWO02023,김정국
1953,20230903NCSS02023,문동균
1954,20230905LGKT02023,나광남
1955,20230905SKHH02023,이민호
1956,20230905SSLT02023,배병두
1957,20230905WONC02023,김태완
1958,20230906HTOB02023,이기중
1959,20230906LGKT02023,오훈규
1960,20230906SKHH02023,문승훈
1961,20230906SSLT02023,김성철
1962,20230906WONC02023,전일수
1963,20230907HTOB02023,송수근
1964,20230907LGKT02023,박종철
1965,20230907SKHH02023,이용혁
1966,20230907SSLT02023,우효동
1967,20230907WONC02023,권영철
1968,20230908HHWO02023,윤태수
1969,20230908LGHT02023,추평호
1970,20230908LTNC02023,구명환
1971,20230908SKKT02023,박기택
1972,20230908SSOB02023,김병주
1973,20230909HHWO12023,박근영
1974,20230909HHWO22023,최수원
1975,20230909LGHT12023,이계성
1976,20230909LGHT22023,이민호
1977,20230909LTNC12023,문동균
1978,20230909LTNC22023,나광남
1979,20230909SKKT02023,정종수
1980,20230909SSOB12023,김준희
1981,20230909SSOB22023,김태완
1982,20230910HHWO02023,이기중
1983,20230910LGHT02023,문승훈
1984,20230910LTNC02023,오훈규
1985,20230910SKKT02023,배병두
1986,20230910SSOB02023,전일수
1987,20230912HHOB02023,이용혁
1988,20230912HTSS02023,김익수
1989,20230912KTSK02023,김성철
1990,20230912NCLT02023,박종철
1991,20230913KTNC02023,차정구
1992,20230913LTHT02023,송수근
1993,20230914KTSS02023,유덕형
1994,20230914SKOB02023,추평호
1995,20230915LGHH02023,이영재
1996,20230915OBHT02023,구명환
1997,20230915SSNC02023,박기택
1998,20230915WOLT02023,이계성
1999,20230916SKLG02023,권영철
2000,20230917KTHH12023,장준영
2001,20230917KTHH22023,김정국
2002,20230917LTSS02023,이민호
2003,20230917OBHT02023,문동균
2004,20230917SKLG12023,김병주
2005,20230917SKLG22023,김준희
2006,20230918KTHH02023,김익수
2007,20230918OBHT02023,나광남
2008,20230919LGHT02023,정종수
2009,20230919NCOB02023,유덕형
2010,20230919SKHH02023,윤태수
2011,20230919SSKT02023,오훈규
2012,20230919WOLT02023,전일수
2013,20230921HTHH02023,박근영
2014,20230921LGSK02023,배병두
2015,20230921LTKT02023,박종철
2016,20230921NCWO02023,이영재
2017,20230921OBSS02023,차정구
2018,20230922KTHT02023,김정국
2019,20230922LTSK02023,김성철
2020,20230922NCLG02023,김태완
2021,20230922OBSS02023,권영철
2022,20230922WOHH02023,최수원
2023,20230923HHLG02023,문동균
2024,20230923KTHT02023,김익수
2025,20230923LTSK02023,박기택
2026,20230923OBNC02023,김병주
2027,20230924HHLG02023,나광남
2028,20230924KTHT02023,유덕형
2029,20230924LTSK02023,정종수
2030,20230924OBNC02023,김준희
2031,20230926HTNC02023,전일수
2032,20230927HTNC12023,차정구
2033,20230927HTNC22023,권영철
2034,20230927KTLG12023,윤태수
2035,20230927KTLG22023,송수근
2036,20230927OBSK12023,이영재
2037,20230927OBSK22023,김정국
2038,20230927SSHH12023,오훈규
2039,20230927SSHH22023,박종철
2040,20230928HHLT02023,김병주
2041,20230928HTNC02023,문승훈
2042,20230928SKWO02023,김익수
2043,20230928SSLG02023,박근영
2044,20230929HHLT02023,김준희
2045,20230929HTWO02023,이기중
2046,20230929LGOB02023,배병두
2047,20230930HTSK02023,최수원
2048,20230930LGOB02023,김성철
2049,20230930NCSS02023,이용혁
2050,20231001HTSK02023,윤태수
2051,20231001LGOB02023,박기택
2052,20231001NCHH02023,전일수
2053,20231001SSLT02023,추평호
2054,20231001WOKT02023,구명환
2055,20231002LGKT02023,정종수
2056,20231002NCHH02023,권영철
2057,20231002SSLT12023,이계성
2058,20231002SSLT22023,이민호
2059,20231002WOOB02023,유덕형
2060,20231003HTKT02023,문동균
2061,20231003NCSK02023,배병두
2062,20231003SSLT02023,송수근
2063,20231003WOOB02023,이영재
2064,20231004HHSS02023,문승훈
2065,20231004HTKT12023,나광남
2066,20231004HTKT22023,오훈규
2067,20231004LGLT02023,박근영
2068,20231004NCSK02023,김성철
2069,20231005HHSS02023,이용혁
2070,20231005HTKT02023,박종철
2071,20231005LGLT02023,최수원
2072,20231005NCSK02023,김정국
2073,20231006HHSK02023,김익수
2074,20231006HTLG02023,구명환
2075,20231006SSKT02023,박기택
2076,20231007HHKT02023,정종수
2077,20231007LGWO02023,추평호
2078,20231007LTOB02023,차정구
2079,20231007SKNC02023,문동균
2080,20231008HHKT02023,이계성
2081,20231008LTOB02023,김병주
2082,20231008SKNC02023,나광남
2083,20231008SSHT02023,윤태수
2084,20231009HHNC02023,오훈규
2085,20231009LTLG02023,배병두
2086,20231009SSHT02023,송수근
2087,20231010HHNC02023,박종철
2088,20231010LTLG02023,이기중
2089,20231010OBKT02023,이민호
2090,20231010SKHT02023,박근영
2091,20231010SSWO02023,김성철
2092,20231011WOHT02023,박기택
2093,20231012LTHT02023,정종수
2094,20231012NCOB02023,김준희
2095,20231013HTOB02023,전일수
2096,20231013LGNC02023,최수원
2097,20231013WOSK02023,구명환
2098,20231014LTHH02023,문승훈
2099,20231014SKSS02023,유덕형
2100,20231015LTHH02023,이용혁
2101,20231015SSNC02023,박근영
2102,20231016LTHH02023,추평호
2103,20231016NCHT02023,배병두
2104,20231016SKOB02023,이영재
2105,20231017NCHT02023,김성철
2106,20231017OBSK02023,이계성
2107,20240323HHLG02024,박기택
2108,20240323LTSK02024,박종철
2109,20240323OBNC02024,전일수
2110,20240323SSKT02024,이민호
2111,20240323WOHT02024,최수원
2112,20240324HHLG02024,송수근
2113,20240324LTSK02024,김익수
2114,20240324OBNC02024,윤태수
2115,20240324SSKT02024,김준희
2116,20240326HHSK02024,이계성
2117,20240326LTHT02024,추평호
2118,20240326OBKT02024,배병두
2119,20240326SSLG02024,김정국
2120,20240326WONC02024,권영철
2121,20240327HHSK02024,김병주
2122,20240327LTHT02024,문승훈
2123,20240327OBKT02024,이기중
2124,20240327SSLG02024,박근영
2125,20240327WONC02024,나광남
2126,20240328HHSK02024,이용혁
2127,20240328OBKT02024,김성철
2128,20240328SSLG02024,함지웅
2129,20240329HTOB02024,박종철
2130,20240329KTHH02024,장준영
2131,20240329LGWO02024,전일수
2132,20240329NCLT02024,유덕형
2133,20240329SKSS02024,차정구
2134,20240330HTOB02024,김익수
2135,20240330KTHH02024,이민호
2136,20240330LGWO02024,윤태수
2137,20240330NCLT02024,최수원
2138,20240330SKSS02024,박기택
2139,20240331HTOB02024,김정국
2140,20240331KTHH02024,김준희
2141,20240331LGWO02024,이계성
2142,20240331NCLT02024,배병두
2143,20240331SKSS02024,송수근
2144,20240402HTKT02024,권영철
2145,20240402LTHH02024,박근영
2146,20240402NCLG02024,김선수
2147,20240402OBSK02024,이영재
2148,20240402WOSS02024,정은재
2149,20240403HTKT02024,나광남
2150,20240403NCLG02024,문승훈
2151,20240403OBSK02024,정종수
2152,20240404HTKT02024,차정구
2153,20240404LTHH02024,이호성
2154,20240404NCLG02024,장준영
2155,20240404OBSK02024,구명환
2156,20240404WOSS02024,김성철
2157,20240405HHWO02024,박기택
2158,20240405KTLG02024,유덕형
2159,20240405SKNC02024,박종철
2160,20240405SSHT02024,문동균
2161,20240406HHWO02024,송수근
2162,20240406KTLG02024,최수원
2163,20240406SKNC02024,김익수
2164,20240406SSHT02024,김태완
2165,20240407HHWO02024,권영철
2166,20240407KTLG02024,배병두
2167,20240407SKNC02024,김정국
2168,20240407SSHT02024,이영재
2169,20240409HHOB02024,정은재
2170,20240409KTNC02024,정종수
2171,20240409LGHT02024,박근영
2172,20240409SSLT02024,나광남
2173,20240409WOSK02024,문승훈
2174,20240410HHOB02024,김성철
2175,20240410KTNC02024,구명환
2176,20240410LGHT02024,이호성
2177,20240410SSLT02024,차정구
2178,20240410WOSK02024,장준영
2179,20240411HHOB02024,유덕형
2180,20240411KTNC02024,문동균
2181,20240411LGHT02024,박종철
2182,20240411SSLT02024,박기택
2183,20240411WOSK02024,이민호
2184,20240412HTHH02024,송수근
2185,20240412LGOB02024,김태완
2186,20240412LTWO02024,김익수
2187,20240412NCSS02024,추평호
2188,20240412SKKT02024,최수원
2189,20240413HTHH02024,권영철
2190,20240413LGOB02024,이영재
2191,20240413LTWO02024,김정국
2192,20240413NCSS02024,김선수
2193,20240413SKKT02024,배병두
2194,20240414HTHH02024,나광남
2195,20240414LGOB02024,정종수
2196,20240414LTWO02024,박근영
2197,20240414NCSS02024,문승훈
2198,20240414SKKT02024,정은재
2199,20240416HHNC02024,함지웅
2200,20240416HTSK02024,구명환
2201,20240416KTWO02024,김병주
2202,20240416LTLG02024,차정구
2203,20240416OBSS02024,김성철
2204,20240417HHNC02024,박종철
2205,20240417HTSK02024,오훈규
2206,20240417KTWO02024,이용혁
2207,20240417LTLG02024,박기택
2208,20240417OBSS02024,유덕형
2209,20240418HTSK02024,김태완
2210,20240418KTWO02024,전일수
2211,20240418LTLG02024,송수근
2212,20240418OBSS02024,최수원
2213,20240419KTLT02024,이영재
2214,20240419LGSK02024,이기중
2215,20240419NCHT02024,권영철
2216,20240419SSHH02024,윤태수
2217,20240419WOOB02024,김익수
2218,20240420NCHT02024,나광남
2219,20240420SSHH02024,이계성
2220,20240421KTLT12024,정종수
2221,20240421KTLT22024,구명환
2222,20240421LGSK12024,최영주
2223,20240421LGSK22024,김성철
2224,20240421NCHT02024,차정구
2225,20240421SSHH02024,김병주
2226,20240421WOOB12024,박근영
2227,20240421WOOB22024,김정국
2228,20240423HHKT02024,유덕형
2229,20240423HTWO02024,오훈규
2230,20240423LGSS02024,함지웅
2231,20240423NCOB02024,이용혁
2232,20240424HHKT02024,최수원
2233,20240424HTWO02024,문동균
2234,20240424LGSS02024,박종철
2235,20240424NCOB02024,전일수
2236,20240424SKLT02024,박근영
2237,20240425HHKT02024,배병두
2238,20240425HTWO02024,이영재
2239,20240425LGSS02024,김익수
2240,20240425NCOB02024,윤태수
2241,20240425SKLT02024,장준영
2242,20240426HTLG02024,이기중
2243,20240426KTSK02024,이계성
2244,20240426LTNC02024,김정국
2245,20240426OBHH02024,정종수
2246,20240426SSWO02024,김준희
2247,20240427HTLG02024,김성철
2248,20240427KTSK02024,최영주
2249,20240427LTNC02024,김선수
2250,20240427OBHH02024,구명환
2251,20240427SSWO02024,김병주
2252,20240428HTLG02024,유덕형
2253,20240428KTSK02024,이용혁
2254,20240428LTNC02024,함지웅
2255,20240428OBHH02024,오훈규
2256,20240428SSWO02024,김태완
2257,20240430KTHT02024,박근영
2258,20240430LGNC02024,문동균
2259,20240430SKHH02024,박기택
2260,20240430SSOB02024,최수원
2261,20240430WOLT02024,전일수
2262,20240501KTHT02024,장준영
2263,20240501LGNC02024,이영재
2264,20240501SKHH02024,송수근
2265,20240501SSOB02024,배병두
2266,20240501WOLT02024,윤태수
2267,20240502KTHT02024,김준희
2268,20240502LGNC02024,정종수
2269,20240502SKHH02024,권영철
2270,20240502SSOB02024,이기중
2271,20240502WOLT02024,이계성
2272,20240503HHHT02024,최영주
2273,20240503LTSS02024,나광남
2274,20240503NCSK02024,김성철
2275,20240503WOKT02024,구명환
2276,20240504HHHT02024,이용혁
2277,20240504LTSS02024,차정구
2278,20240504NCSK02024,유덕형
2279,20240504WOKT02024,오훈규
2280,20240507OBWO02024,최수원
2281,20240507SKLG02024,전일수
2282,20240508HHLT02024,문동균
2283,20240508HTSS02024,박근영
2284,20240508NCKT02024,박기택
2285,20240508OBWO02024,배병두
2286,20240508SKLG02024,윤태수
2287,20240509HHLT02024,이영재
2288,20240509HTSS02024,장준영
2289,20240509NCKT02024,송수근
2290,20240509OBWO02024,이기중
2291,20240509SKLG02024,이계성
2292,20240510KTOB02024,최영주
2293,20240510LGLT02024,권영철
2294,20240510SKHT02024,김성철
2295,20240510SSNC02024,정종수
2296,20240510WOHH02024,김준희
2297,20240511LGLT02024,나광남
2298,20240511SSNC02024,구명환
2299,20240511WOHH02024,김병주
2300,20240512KTOB12024,전일수
2301,20240512KTOB22024,이용혁
2302,20240512LGLT02024,차정구
2303,20240512SKHT12024,유덕형
2304,20240512SKHT22024,최수원
2305,20240512SSNC02024,오훈규
2306,20240512WOHH02024,김태완
2307,20240514LTKT02024,배병두
2308,20240514NCHH02024,윤태수
2309,20240514OBHT02024,박기택
2310,20240514SSSK02024,박종철
2311,20240514WOLG02024,문동균
2312,20240515NCHH02024,이계성
2313,20240515OBHT02024,송수근
2314,20240516LTKT02024,이기중
2315,20240516NCHH02024,최영주
2316,20240516OBHT02024,권영철
2317,20240516SSSK02024,김익수
2318,20240516WOLG02024,이영재
2319,20240517HHSS02024,정종수
2320,20240517HTNC02024,김성철
2321,20240517LGKT02024,전일수
2322,20240517LTOB02024,김정국
2323,20240517SKWO02024,나광남
2324,20240518HHSS02024,구명환
2325,20240518HTNC02024,유덕형
2326,20240518LGKT02024,이용혁
2327,20240518LTOB02024,김선수
2328,20240518SKWO02024,차정구
2329,20240519HHSS02024,오훈규
2330,20240519HTNC02024,배병두
2331,20240519LGKT02024,윤태수
2332,20240519LTOB02024,함지웅
2333,20240519SKWO02024,박기택
2334,20240521HTLT02024,문동균
2335,20240521KTSS02024,송수근
2336,20240521LGHH02024,박종철
2337,20240521NCWO02024,이계성
2338,20240521SKOB02024,이기중
2339,20240522HTLT02024,이영재
2340,20240522KTSS02024,권영철
2341,20240522LGHH02024,김익수
2342,20240522NCWO02024,최영주
2343,20240522SKOB02024,김성철
2344,20240523HTLT02024,정종수
2345,20240523KTSS02024,나광남
2346,20240523LGHH02024,김정국
2347,20240523NCWO02024,전일수
2348,20240523SKOB02024,유덕형
2349,20240524HHSK02024,차정구
2350,20240524NCLG02024,구명환
2351,20240524OBHT02024,김선수
2352,20240524SSLT02024,이용혁
2353,20240524WOKT02024,최수원
2354,20240525HHSK02024,박기택
2355,20240525NCLG02024,오훈규
2356,20240525OBHT02024,함지웅
2357,20240525SSLT02024,윤태수
2358,20240525WOKT02024,배병두
2359,20240526NCLG02024,문동균
2360,20240526OBHT02024,박종철
2361,20240526SSLT02024,이계성
2362,20240528HTNC02024,박근영
2363,20240528KTOB02024,송수근
2364,20240528LGSK02024,최영주
2365,20240528LTHH02024,이영재
2366,20240528WOSS02024,김익수
2367,20240529HTNC02024,장준영
2368,20240529KTOB02024,권영철
2369,20240529LGSK02024,전일수
2370,20240529LTHH02024,정종수
2371,20240529WOSS02024,김정국
2372,20240530HTNC02024,김준희
2373,20240530KTOB02024,나광남
2374,20240530LGSK02024,이용혁
2375,20240530LTHH02024,구명환
2376,20240530WOSS02024,함지웅
2377,20240531HHSS02024,윤태수
2378,20240531KTHT02024,오훈규
2379,20240531LGOB02024,김병주
2380,20240531NCLT02024,박종철
2381,20240531SKWO02024,차정구
2382,20240601HHSS02024,이계성
2383,20240601KTHT02024,문동균
2384,20240601LGOB02024,김태완
2385,20240601NCLT02024,김선수
2386,20240601SKWO02024,박기택
2387,20240602HHSS02024,최영주
2388,20240602KTHT02024,이영재
2389,20240602LGOB02024,박근영
2390,20240602NCLT02024,김익수
2391,20240602SKWO02024,송수근
2392,20240604HHKT02024,장준영
2393,20240604LTHT02024,권영철
2394,20240604OBNC02024,전일수
2395,20240604SSSK02024,정종수
2396,20240604WOLG02024,김정국
2397,20240605HHKT02024,김준희
2398,20240605LTHT02024,나광남
2399,20240605OBNC02024,이용혁
2400,20240605SSSK02024,구명환
2401,20240605WOLG02024,함지웅
2402,20240606HHKT02024,김병주
2403,20240606LTHT02024,차정구
2404,20240606OBNC02024,윤태수
2405,20240606SSSK02024,오훈규
2406,20240606WOLG02024,박종철
2407,20240607HTOB02024,문동균
2408,20240607LGKT02024,박기택
2409,20240607NCHH02024,김선수
2410,20240607SKLT02024,이계성
2411,20240607SSWO02024,김태완
2412,20240608HTOB02024,이영재
2413,20240608LGKT02024,송수근
2414,20240608NCHH02024,김익수
2415,20240608SSWO02024,박근영
2416,20240609HTOB02024,정종수
2417,20240609LGKT02024,권영철
2418,20240609NCHH02024,김정국
2419,20240609SKLT12024,최영주
2420,20240609SKLT22024,전일수
2421,20240609SSWO02024,장준영
2422,20240611HHOB02024,차정구
2423,20240611HTSK02024,함지웅
2424,20240611KTNC02024,김준희
2425,20240611LGSS02024,이용혁
2426,20240611WOLT02024,이기중
2427,20240612HHOB02024,박기택
2428,20240612HTSK02024,박종철
2429,20240612KTNC02024,김병주
2430,20240612LGSS02024,윤태수
2431,20240612WOLT02024,김성철
2432,20240613HHOB02024,송수근
2433,20240613HTSK02024,김선수
2434,20240613KTNC02024,김태완
2435,20240613LGSS02024,이계성
2436,20240613WOLT02024,유덕형
2437,20240614HTKT02024,최영주
2438,20240614LTLG02024,권영철
2439,20240614OBWO02024,이호성
2440,20240614SKHH02024,박근영
2441,20240614SSNC02024,최수원
2442,20240615HTKT02024,전일수
2443,20240615LTLG02024,이민호42
2444,20240615OBWO02024,김정국
2445,20240615SKHH02024,정은재
2446,20240615SSNC02024,배병두
2447,20240616HTKT02024,이용혁
2448,20240616LTLG02024,차정구
2449,20240616OBWO02024,함지웅
2450,20240616SKHH02024,김준희
2451,20240616SSNC02024,이기중
2452,20240619LGHT02024,유덕형
2453,20240619LTKT02024,김선수
2454,20240619NCOB02024,장준영
2455,20240619SKSS02024,송수근
2456,20240619WOHH02024,이계성
2457,20240620LGHT02024,최수원
2458,20240620LTKT02024,이호성
2459,20240620NCOB02024,박근영
2460,20240620SKSS02024,권영철
2461,20240620WOHH02024,최영주
2462,20240621HHHT02024,김정국
2463,20240621KTLG02024,이민호42
2464,20240621LTWO02024,정은재
2465,20240621NCSK02024,배병두
2466,20240621OBSS02024,전일수
2467,20240622LTWO02024,김준희
2468,20240622NCSK02024,이기중
2469,20240623HHHT12024,함지웅
2470,20240623HHHT22024,박종철
2471,20240623KTLG12024,차정구
2472,20240623KTLG22024,박기택
2473,20240623LTWO02024,김병주
2474,20240623NCSK02024,김성철
2475,20240623OBSS12024,이용혁
2476,20240623OBSS22024,윤태수
2477,20240625HTLT02024,송수근
2478,20240625KTSK02024,장준영
2479,20240625NCWO02024,김선수
2480,20240625OBHH02024,유덕형
2481,20240625SSLG02024,구명환
2482,20240626HTLT02024,권영철
2483,20240626KTSK02024,박근영
2484,20240626NCWO02024,김익수
2485,20240626OBHH02024,최수원
2486,20240626SSLG02024,오훈규
2487,20240627HTLT02024,나광남
2488,20240627KTSK02024,김태완
2489,20240627NCWO02024,함지웅
2490,20240627OBHH02024,이기중
2491,20240627SSLG02024,문동균
2492,20240628HHLT02024,박종철
2493,20240628LGNC02024,김준희
2494,20240628SKOB02024,이영재
2495,20240628SSKT02024,차정구
2496,20240628WOHT02024,김성철
2497,20240629SKOB02024,정종수
2498,20240630LGNC02024,이호성
2499,20240630SKOB02024,구명환
2500,20240630SSKT12024,박기택
2501,20240630SSKT22024,송수근
2502,20240702HTSS02024,이민호42
2503,20240702KTHH02024,최수원
2504,20240702LGWO02024,오훈규
2505,20240703HTSS02024,김선수
2506,20240703KTHH02024,배병두
2507,20240703LGWO02024,문동균
2508,20240703LTOB02024,장준영
2509,20240703SKNC02024,권영철
2510,20240704HTSS02024,김익수
2511,20240704KTHH02024,이기중
2512,20240704LGWO02024,이영재
2513,20240704LTOB02024,박근영
2514,20240704SKNC02024,나광남
